,Arvore,RandomFlorest,knn,Regress√£oLogistica,svc,rna
0,0.9789999999999999,0.9874999999999998,0.9800000000000001,0.9475,0.9835,0.9955
1,0.9834999999999999,0.9894999999999999,0.9800000000000001,0.9465,0.984,0.9969999999999999
2,0.9774999999999998,0.9880000000000001,0.9799999999999999,0.9470000000000001,0.9834999999999999,0.9964999999999999
3,0.9799999999999999,0.9869999999999999,0.9799999999999999,0.946,0.9844999999999999,0.9964999999999998
4,0.978,0.9894999999999999,0.9809999999999999,0.9465,0.9855,0.9959999999999999
5,0.9745000000000001,0.9869999999999999,0.9785,0.9465,0.9835,0.9959999999999999
6,0.9764999999999999,0.9884999999999999,0.9799999999999999,0.9469999999999998,0.9839999999999998,0.9964999999999999
7,0.9785,0.9875,0.9804999999999999,0.9480000000000001,0.9845,0.9970000000000001
8,0.9745000000000001,0.9870000000000001,0.9809999999999999,0.9465,0.982,0.9959999999999999
9,0.9824999999999999,0.9865,0.9809999999999999,0.9465,0.9829999999999999,0.9954999999999998
10,0.9709999999999999,0.9855,0.978,0.9475,0.9824999999999999,0.9949999999999999
11,0.976,0.9894999999999999,0.9804999999999999,0.9479999999999998,0.9825000000000002,0.9964999999999999
12,0.9735000000000001,0.9860000000000001,0.9809999999999999,0.9475,0.9844999999999999,0.9964999999999999
13,0.977,0.9855,0.9799999999999999,0.9475,0.984,0.9964999999999998
14,0.982,0.9874999999999998,0.9795,0.9484999999999999,0.9834999999999999,0.9970000000000001
15,0.978,0.986,0.9795,0.9475,0.9845,0.998
16,0.9765,0.986,0.9804999999999999,0.946,0.984,0.9959999999999999
17,0.982,0.9889999999999999,0.983,0.9470000000000001,0.9844999999999999,0.9964999999999999
18,0.976,0.9894999999999999,0.9800000000000001,0.9465,0.985,0.9974999999999999
19,0.982,0.9875,0.9804999999999999,0.9464999999999998,0.9839999999999998,0.9974999999999999
20,0.976,0.9869999999999999,0.9799999999999999,0.9465,0.9835,0.9970000000000001
21,0.9795,0.9869999999999999,0.9810000000000001,0.9469999999999998,0.985,0.9964999999999999
22,0.9804999999999999,0.9869999999999999,0.9810000000000001,0.9455,0.9844999999999999,0.9959999999999999
23,0.9844999999999999,0.9875,0.9800000000000001,0.9465,0.9870000000000001,0.9969999999999999
24,0.9770000000000001,0.9879999999999999,0.9835,0.9470000000000001,0.9839999999999998,0.9954999999999998
25,0.9780000000000001,0.9884999999999998,0.9814999999999999,0.9469999999999998,0.982,0.9955
26,0.9754999999999999,0.9875,0.9795,0.9475,0.9825000000000002,0.9955
27,0.9715,0.984,0.9795,0.9465,0.9850000000000001,0.9964999999999999
28,0.976,0.9855,0.9775,0.9480000000000001,0.983,0.9955
29,0.9785,0.9879999999999999,0.978,0.9465,0.986,0.9969999999999999
